ass;
assfuck;
asshole;
asskisser;
assmuncher;
bastard;
b√¢tard;
balllicker;
bitch;
bitches;
bitching;
bitchslap;
blowjob;
biatch;
bullshit;
bukkake;
boobies;
boob;
bumfuck;
butt;
buttfuck;
butthead;
buttmuncher;
buttpirate;
carpetmuncher;
cameltoe;
coloncowboy;
circlejerk;
cunt;
cock;
cockblock;
cocksucker;
cocktease;
crackwhore;
crap;
caliss;
criss;
cum;
cumqueen;
damn;
damnit;
dick;
dickforbrains;
dickhead;
dickless;
dingleberry;
dipshit;
dong;
doodoo;
douchebag;
dripdick;
dumbass;
dumbbitch;
dumbfuck;
eatafatdick;
eatmyass;
eatass;
facefucker;
fatfuck;
fistfuck;
fuck;
fucking;
fuckable;
fuckface;
fucked;
fucker;
fuckfest;
fuckhead;
fucking;
fuckingbitch;
fuckingstupidbitch;
fuckit;
fuckme;
fuckoff;
fucktard;
fuckyou;
fudgepacker;
fugly;
fullofshit;
goddamn;
goddamnit;
goldenshower;
gonzagas;
gotohell;
guidoune;
handjob;
headfuck;
hooker;
horseshit;
hotdamn;
idiot;
jackoff;
jackass;
jerkoff;
jerkface;
jiz;
juicemonkey;
kissass;
knockers;
limpdick;
lowlife;
merde;
marde;
motherfuck;
motherfucker;
motherfucking;
estie;
ostie;
pecker;
poutain;
putain;
piss;
pissed;
pissoff;
poontang;
poop;
pooper;
poopoohead;
pussy;
punkbitch;
puntang;
retard;
shit;
shat;
shiteater;
shitface;
shitfaced;
shitforbrains;
shithappens;
shitoutofluck;
shithead;
shitlist;
shitfuck;
slut;
slutwhore;
scum;
scumbag;
sonofabitch;
suckmydick;
suckadick;
suckthisdick;
suckmyass;
suckme;
suckmesideways;
skank;
skankbitch;
skankwhore;
skanky;
stiffy;
stupid;
stupidfuck;
stupidfucker;
suckoff;
tits;
titties;
titty;
turd;
tramp;
twobitwhore;
twat;
tabarnak;
tabarnac;
uptheass;
unfuckable;
upthebutt;
wanker;
whiskeydick;
whore;
wasteyouth;